{
    "puerto": 5678,
    "umbral": 500,
    "pasos" : 0,
    "conexiones": [
        {
            "dir": "127.0.0.1",
            "port" : 9876
        }
    ],
    "paises" : [
        {
            "nombre": "Peru",
            "poblacion" : "5000",
            "enfermos": "0",
            "alta_vulnerabilidad": "0.2",
            "aislamiento": "0.1",
            "posibilidad_viaje": "0.7",
            "posibilidad_viaje_aereo": "0.4",
            "vecinos": [
                "Colombia",
                "Chile"
            ],
            "vecinos_aereos": [
                "Colombia",
                "Argentina",
                "Venezuela"
            ]
        },
        {
            "nombre": "Chile",
            "poblacion" : "1000",
            "enfermos": "0",
            "alta_vulnerabilidad": "0.6",
            "aislamiento": "0.4",
            "posibilidad_viaje": "0.9",
            "posibilidad_viaje_aereo": "0.5",
            "vecinos": [
                "Colombia",
                "Peru",
                "Argentina"
            ],
            "vecinos_aereos": [
                "Colombia",
                "Venezuela"
            ]
        }
    ]
}
